model,MAE,MAPE
LSTM,3.491812242053563,1.7961776283416342
Transformer,5.265256224619549,2.7012954991656772
